Return_Type,Asset,Skew,Kurtosis,Excess_Kurtosis,JB_stat,JB_pvalue,Shapiro_stat,Shapiro_pvalue,N_obs,Interpretation
LOG,MSFT,-0.28858784279022665,9.12809866934577,6.1280986693457695,3728.6851926269337,0.0,0.9541358425326953,1.2878048322776394e-26,2362,fat tails; left-skew; reject normality
LOG,GE,0.038263502658561516,5.710927011450526,2.7109270114505257,723.85277679256,6.566994677910851e-158,0.9736846574072736,1.9286268175471888e-20,2362,fat tails; near-symmetric; reject normality
LOG,FORD,0.06759630680516135,6.8658231253737805,3.8658231253737805,1472.5953442691546,0.0,0.9636582758428482,6.34735305008267e-24,2362,fat tails; near-symmetric; reject normality
SIMPLE,MSFT,-0.03323380153904836,8.588836245419277,5.588836245419277,3074.488296879864,0.0,0.956186579929722,4.4792046082373027e-26,2362,fat tails; near-symmetric; reject normality
SIMPLE,GE,0.1497306521044815,5.756861098541999,2.7568610985419992,756.8202486374331,4.555867785504857e-165,0.9734566097925582,1.5702685985155006e-20,2362,fat tails; right-skew; reject normality
SIMPLE,FORD,0.2609589191186538,7.098602935415618,4.098602935415618,1680.0654301410088,0.0,0.9617471581467827,1.669848230890778e-24,2362,fat tails; right-skew; reject normality
